                  epoch,         train/box_loss,         train/cls_loss,         train/dfl_loss,   metrics/precision(B),      metrics/recall(B),       metrics/mAP50(B),    metrics/mAP50-95(B),           val/box_loss,           val/cls_loss,           val/dfl_loss,                 lr/pg0,                 lr/pg1,                 lr/pg2
                      0,                 3.0265,                 4.0666,                 4.2061,                0.00233,                 0.4843,                 0.0021,                0.00079,                 2.5985,                 4.0835,                 4.1278,                 0.0919,                 0.0009,                 0.0009
                      1,                 3.1033,                 3.9715,                  4.156,                0.00228,                0.34978,                0.00218,                0.00077,                 2.5974,                 4.0401,                 4.0945,               0.082881,              0.0018812,              0.0018812
                      2,                  2.996,                 3.8879,                 4.1194,                0.00218,                 0.2287,                 0.0026,                 0.0007,                 2.5934,                 4.0254,                 4.0675,               0.073843,              0.0028426,              0.0028426
                      3,                 3.0393,                 3.8376,                 4.0813,                0.00242,                0.29596,                0.00256,                0.00084,                 2.5853,                 4.0197,                 4.0388,               0.064784,              0.0037842,              0.0037842
                      4,                 3.0384,                 3.7021,                 4.0408,                0.00243,                0.29148,                0.00259,                0.00092,                 2.5777,                 4.0134,                 4.0046,               0.055706,               0.004706,               0.004706
